{"frames": [

{
	"filename": "bang.png",
	"frame": {"x":0,"y":0,"w":120,"h":89},
	"rotated": false,
	"trimmed": false,
	"spriteSourceSize": {"x":0,"y":0,"w":120,"h":89},
	"sourceSize": {"w":120,"h":89}
},
{
	"filename": "laserRed01.png",
	"frame": {"x":0,"y":89,"w":9,"h":54},
	"rotated": false,
	"trimmed": false,
	"spriteSourceSize": {"x":0,"y":0,"w":9,"h":54},
	"sourceSize": {"w":9,"h":54}
},
{
	"filename": "meteorBrown_big4.png",
	"frame": {"x":9,"y":89,"w":98,"h":96},
	"rotated": false,
	"trimmed": false,
	"spriteSourceSize": {"x":0,"y":0,"w":98,"h":96},
	"sourceSize": {"w":98,"h":96}
},
{
	"filename": "meteorBrown_med3.png",
	"frame": {"x":0,"y":185,"w":45,"h":40},
	"rotated": false,
	"trimmed": false,
	"spriteSourceSize": {"x":0,"y":0,"w":45,"h":40},
	"sourceSize": {"w":45,"h":40}
},
{
	"filename": "meteorBrown_small2.png",
	"frame": {"x":45,"y":185,"w":29,"h":26},
	"rotated": false,
	"trimmed": false,
	"spriteSourceSize": {"x":0,"y":0,"w":29,"h":26},
	"sourceSize": {"w":29,"h":26}
},
{
	"filename": "playerShip1_red.png",
	"frame": {"x":0,"y":225,"w":99,"h":75},
	"rotated": false,
	"trimmed": false,
	"spriteSourceSize": {"x":0,"y":0,"w":99,"h":75},
	"sourceSize": {"w":99,"h":75}
}],
"meta": {
	"app": "https://www.codeandweb.com/texturepacker",
	"version": "1.0",
	"image": "asteroids.png",
	"format": "RGBA8888",
	"size": {"w":120,"h":300},
	"scale": "1",
	"smartupdate": "$TexturePacker:SmartUpdate:f02b36f20280be8b95f626aac7520de0:84fc5bbd3f3639f6bacf36638a0c503a:3cb2167982f406a3d6627570b02f9be7$"
}
}
